Marca temporal;Por favor, marque esta casilla para indicar que usted da su consentimiento a participar en esta encuesta.;1. En su trabajo habitual como adaptador de materiales a lectura fácil, żcómo de útil le resultaría contar con una aplicación que le indicara qué pautas de Lectura Fácil no cumple un determinado material? ;2. En su trabajo habitual como adaptador de materiales a lectura fácil, żcómo de útil le resultaría contar con una aplicación que le indicara qué posibles transformaciones se pueden realizar para que un material se ajuste mejor a las pautas de Lectura Fácil? ;3. żQué otras pautas de maquetación deberían ser incluidas en la aplicación, bien en la parte de diagnóstico de materiales o bien en la parte de recomendación de posibles transformaciones? Marque aquellas que considere importantes o interesantes [Se debe usar un interlineado mínimo de 1,5.];3. żQué otras pautas de maquetación deberían ser incluidas en la aplicación, bien en la parte de diagnóstico de materiales o bien en la parte de recomendación de posibles transformaciones? Marque aquellas que considere importantes o interesantes [Se debe alinear el texto a la izquierda.];3. żQué otras pautas de maquetación deberían ser incluidas en la aplicación, bien en la parte de diagnóstico de materiales o bien en la parte de recomendación de posibles transformaciones? Marque aquellas que considere importantes o interesantes [Se debe evitar la justificación de textos.];3. żQué otras pautas de maquetación deberían ser incluidas en la aplicación, bien en la parte de diagnóstico de materiales o bien en la parte de recomendación de posibles transformaciones? Marque aquellas que considere importantes o interesantes [Se debe evitar la división de las palabras con guiones al final de línea.];3. żQué otras pautas de maquetación deberían ser incluidas en la aplicación, bien en la parte de diagnóstico de materiales o bien en la parte de recomendación de posibles transformaciones? Marque aquellas que considere importantes o interesantes [Todas las páginas del documento deben tener la misma orientación (horizontal o vertical).];3. żQué otras pautas de maquetación deberían ser incluidas en la aplicación, bien en la parte de diagnóstico de materiales o bien en la parte de recomendación de posibles transformaciones? Marque aquellas que considere importantes o interesantes [Las imágenes deben colocarse próximas al texto.];3. żQué otras pautas de maquetación deberían ser incluidas en la aplicación, bien en la parte de diagnóstico de materiales o bien en la parte de recomendación de posibles transformaciones? Marque aquellas que considere importantes o interesantes [Las imágenes deben acompańar al texto y representarlo de manera correcta.];3. żQué otras pautas de maquetación deberían ser incluidas en la aplicación, bien en la parte de diagnóstico de materiales o bien en la parte de recomendación de posibles transformaciones? Marque aquellas que considere importantes o interesantes [Las imágenes no pueden dividirse entre páginas.];3. żQué otras pautas de maquetación deberían ser incluidas en la aplicación, bien en la parte de diagnóstico de materiales o bien en la parte de recomendación de posibles transformaciones? Marque aquellas que considere importantes o interesantes [Se deben evitar textos escritos en vertical.];3. żQué otras pautas de maquetación deberían ser incluidas en la aplicación, bien en la parte de diagnóstico de materiales o bien en la parte de recomendación de posibles transformaciones? Marque aquellas que considere importantes o interesantes [Se debe incluir el número de página en la parte exterior de la hoja, abajo o arriba.];4. Escriba cualquier otra pauta de maquetación que deba ser incluida en la aplicación y que no haya sido mencionada en la pregunta anterior.;5. żQué otras pautas de redacción deberían ser incluidas en la aplicación, bien en la parte de diagnóstico de materiales o bien en la parte de recomendación de posibles transformaciones? Marque aquellas que considere importantes o interesantes [No se deben escribir palabras ni frases con todas sus letras en mayúsculas, excepto cuando se trate de siglas.];5. żQué otras pautas de redacción deberían ser incluidas en la aplicación, bien en la parte de diagnóstico de materiales o bien en la parte de recomendación de posibles transformaciones? Marque aquellas que considere importantes o interesantes [Se debe utilizar la mayúscula inicial al principio de un párrafo o un título, después de punto o en nombres propios.];5. żQué otras pautas de redacción deberían ser incluidas en la aplicación, bien en la parte de diagnóstico de materiales o bien en la parte de recomendación de posibles transformaciones? Marque aquellas que considere importantes o interesantes [Se debe sustituir el punto y seguido por un punto y aparte o por una conjunción.];5. żQué otras pautas de redacción deberían ser incluidas en la aplicación, bien en la parte de diagnóstico de materiales o bien en la parte de recomendación de posibles transformaciones? Marque aquellas que considere importantes o interesantes [Se deben utilizar los dos puntos (:) cuando se introduce una lista que enumera más de tres elementos o cuando se introduce un diálogo.];"5. żQué otras pautas de redacción deberían ser incluidas en la aplicación, bien en la parte de diagnóstico de materiales o bien en la parte de recomendación de posibles transformaciones? Marque aquellas que considere importantes o interesantes [No se debe utilizar el punto y coma (;).]";5. żQué otras pautas de redacción deberían ser incluidas en la aplicación, bien en la parte de diagnóstico de materiales o bien en la parte de recomendación de posibles transformaciones? Marque aquellas que considere importantes o interesantes [No se debe utilizar etcetera, ni los puntos suspensivos.];"5. żQué otras pautas de redacción deberían ser incluidas en la aplicación, bien en la parte de diagnóstico de materiales o bien en la parte de recomendación de posibles transformaciones? Marque aquellas que considere importantes o interesantes [No se deben usar las comillas (las espańolas « » o las inglesas """"""""). Cuando se utilicen en el caso de las citas textuales deben ir acompańadas de una explicación.]";5. żQué otras pautas de redacción deberían ser incluidas en la aplicación, bien en la parte de diagnóstico de materiales o bien en la parte de recomendación de posibles transformaciones? Marque aquellas que considere importantes o interesantes [Se deben evitar los adverbios terminados en mente.];5. żQué otras pautas de redacción deberían ser incluidas en la aplicación, bien en la parte de diagnóstico de materiales o bien en la parte de recomendación de posibles transformaciones? Marque aquellas que considere importantes o interesantes [Se deben evitar los superlativos.];5. żQué otras pautas de redacción deberían ser incluidas en la aplicación, bien en la parte de diagnóstico de materiales o bien en la parte de recomendación de posibles transformaciones? Marque aquellas que considere importantes o interesantes [Se debe evitar el uso de palabras de contenido indeterminado como: cosa, algo o asunto.];5. żQué otras pautas de redacción deberían ser incluidas en la aplicación, bien en la parte de diagnóstico de materiales o bien en la parte de recomendación de posibles transformaciones? Marque aquellas que considere importantes o interesantes [Los números de teléfono se deben separar por bloques.];5. żQué otras pautas de redacción deberían ser incluidas en la aplicación, bien en la parte de diagnóstico de materiales o bien en la parte de recomendación de posibles transformaciones? Marque aquellas que considere importantes o interesantes [Se debe evitar el uso de fracciones y de porcentajes.];5. żQué otras pautas de redacción deberían ser incluidas en la aplicación, bien en la parte de diagnóstico de materiales o bien en la parte de recomendación de posibles transformaciones? Marque aquellas que considere importantes o interesantes [Se debe evitar escribir la hora en formato 24 horas.];5. żQué otras pautas de redacción deberían ser incluidas en la aplicación, bien en la parte de diagnóstico de materiales o bien en la parte de recomendación de posibles transformaciones? Marque aquellas que considere importantes o interesantes [Se debe evitar la pasiva refleja.];5. żQué otras pautas de redacción deberían ser incluidas en la aplicación, bien en la parte de diagnóstico de materiales o bien en la parte de recomendación de posibles transformaciones? Marque aquellas que considere importantes o interesantes [Se debe evitar en lo posible el uso de oraciones con gerundio.];5. żQué otras pautas de redacción deberían ser incluidas en la aplicación, bien en la parte de diagnóstico de materiales o bien en la parte de recomendación de posibles transformaciones? Marque aquellas que considere importantes o interesantes [Se debe evitar el uso de dos o más verbos seguidos, exceptuando las perífrasis con los verbos modales deber, querer, saber y poder.];5. żQué otras pautas de redacción deberían ser incluidas en la aplicación, bien en la parte de diagnóstico de materiales o bien en la parte de recomendación de posibles transformaciones? Marque aquellas que considere importantes o interesantes [Se debe evitar el uso de conectores complejos entre oraciones, como por lo tanto, no obstante, por consiguiente o sin embargo.];5. żQué otras pautas de redacción deberían ser incluidas en la aplicación, bien en la parte de diagnóstico de materiales o bien en la parte de recomendación de posibles transformaciones? Marque aquellas que considere importantes o interesantes [El texto se debe componer de frases simples y cortas.];5. żQué otras pautas de redacción deberían ser incluidas en la aplicación, bien en la parte de diagnóstico de materiales o bien en la parte de recomendación de posibles transformaciones? Marque aquellas que considere importantes o interesantes [El uso de pronombres debe ser correcto.];5. żQué otras pautas de redacción deberían ser incluidas en la aplicación, bien en la parte de diagnóstico de materiales o bien en la parte de recomendación de posibles transformaciones? Marque aquellas que considere importantes o interesantes [El texto se debe escribir en segunda persona.];5. żQué otras pautas de redacción deberían ser incluidas en la aplicación, bien en la parte de diagnóstico de materiales o bien en la parte de recomendación de posibles transformaciones? Marque aquellas que considere importantes o interesantes [El texto debe evitar la voz pasiva.];5. żQué otras pautas de redacción deberían ser incluidas en la aplicación, bien en la parte de diagnóstico de materiales o bien en la parte de recomendación de posibles transformaciones? Marque aquellas que considere importantes o interesantes [Las frases deben tener sujeto.];6. Escriba cualquier otra pauta de redacción que deba ser incluida en la aplicación y que no haya sido mencionada en la pregunta anterior.;7. En su trabajo habitual como adaptador de materiales a lectura fácil, żqué funcionalidades o características le gustaría que tuviera la aplicación web descrita en este cuestionario?;8. Como adaptador de materiales a lectura fácil, żrecomendaría esta aplicación web a algún otro colega del área?;9. El prototipo actual de la mencionada aplicación web se basa en diferentes métodos y técnicas de Inteligencia Artificial. Puesto que este campo ha suscitado diversos debates y comentarios, como adaptador de materiales a lectura fácil, żqué consideraciones éticas cree que son cruciales y deberían ser tenidas en cuenta en esta aplicación web de soporte y ayuda?;10. żTiene algún comentario adicional sobre la aplicación web mencionada en este cuestionario? Por favor, incluyalo aqui.;11. Sexo;12. Rango de edad;13. Profesión;14. Nacionalidad;15. Ańos de experiencia como adaptador de materiales a lectura fácil
7/23/2020 6:13:18;Yo accedo a participar en esta encuesta;5;5;Diagnóstico de Materiales, Recomendación de Transformaciones;Diagnóstico de Materiales, Recomendación de Transformaciones;Diagnóstico de Materiales, Recomendación de Transformaciones;Diagnóstico de Materiales;;Diagnóstico de Materiales, Recomendación de Transformaciones;Diagnóstico de Materiales, Recomendación de Transformaciones;;Diagnóstico de Materiales, Recomendación de Transformaciones;Diagnóstico de Materiales, Recomendación de Transformaciones;;Diagnóstico de Materiales, Recomendación de Transformaciones;;Diagnóstico de Materiales, Recomendación de Transformaciones;Diagnóstico de Materiales, Recomendación de Transformaciones;Diagnóstico de Materiales, Recomendación de Transformaciones;Diagnóstico de Materiales;Diagnóstico de Materiales, Recomendación de Transformaciones;Diagnóstico de Materiales, Recomendación de Transformaciones;;;Diagnóstico de Materiales, Recomendación de Transformaciones;Diagnóstico de Materiales, Recomendación de Transformaciones;;Diagnóstico de Materiales, Recomendación de Transformaciones;;;;Diagnóstico de Materiales, Recomendación de Transformaciones;Diagnóstico de Materiales, Recomendación de Transformaciones;Diagnóstico de Materiales, Recomendación de Transformaciones;Diagnóstico de Materiales, Recomendación de Transformaciones;Diagnóstico de Materiales, Recomendación de Transformaciones;;Que fuera amigable y fácil de uso. Que permitiera introducir el contenido en documentos de word y Powerpoint;Sí;Incorporación de personas con discapacidad cognitiva en los procesos de decisión del desarrollo de la aplicación, siguiendo un método de diseńo y desarrollo inclusivo., Incorporación de personas con discapacidad cognitiva en las pruebas a realizar sobre la aplicación., Revisión de los conjuntos de datos a utilizar en la aplicación por un equipo de personas con discapacidad cognitiva., Revisión de las propuestas sugeridas por la aplicación por un equipo de personas con discapacidad cognitiva.;;Mujer;46-60;Adaptador de textos;Espańola;Entre 4 y 5 ańos
7/23/2020 7:15:29;Yo accedo a participar en esta encuesta;5;5;Diagnóstico de Materiales;Recomendación de Transformaciones;Recomendación de Transformaciones;Diagnóstico de Materiales, Recomendación de Transformaciones;Recomendación de Transformaciones;Diagnóstico de Materiales;Diagnóstico de Materiales;Diagnóstico de Materiales;Diagnóstico de Materiales;Recomendación de Transformaciones;;Diagnóstico de Materiales, Recomendación de Transformaciones;Diagnóstico de Materiales;Recomendación de Transformaciones;Diagnóstico de Materiales;Diagnóstico de Materiales;Recomendación de Transformaciones;Diagnóstico de Materiales;Diagnóstico de Materiales;Recomendación de Transformaciones;Recomendación de Transformaciones;Recomendación de Transformaciones;Recomendación de Transformaciones;Recomendación de Transformaciones;Diagnóstico de Materiales;Recomendación de Transformaciones;Diagnóstico de Materiales;Diagnóstico de Materiales;Recomendación de Transformaciones;Diagnóstico de Materiales;Recomendación de Transformaciones;Diagnóstico de Materiales;Diagnóstico de Materiales;;Que ofreciera recomendaciones a los errores;Sí;Incorporación de personas con discapacidad cognitiva en los procesos de decisión del desarrollo de la aplicación, siguiendo un método de diseńo y desarrollo inclusivo., Incorporación de personas con discapacidad cognitiva en las pruebas a realizar sobre la aplicación., Revisión de los conjuntos de datos a utilizar en la aplicación por un equipo de personas con discapacidad cognitiva., Revisión de las propuestas sugeridas por la aplicación por un equipo de personas con discapacidad cognitiva.;;Mujer;31-45;Psicóloga;Espańola;Más de 5 ańos
7/23/2020 7:52:19;Yo accedo a participar en esta encuesta;4;4;Diagnóstico de Materiales;;;;;Diagnóstico de Materiales, Recomendación de Transformaciones;Diagnóstico de Materiales, Recomendación de Transformaciones;;;Diagnóstico de Materiales, Recomendación de Transformaciones;;;;;;;;;;Diagnóstico de Materiales;Diagnóstico de Materiales, Recomendación de Transformaciones;Diagnóstico de Materiales;;;Diagnóstico de Materiales, Recomendación de Transformaciones;Diagnóstico de Materiales, Recomendación de Transformaciones;Diagnóstico de Materiales;Diagnóstico de Materiales;;Diagnóstico de Materiales, Recomendación de Transformaciones;;Diagnóstico de Materiales;;;Sugerencias de adaptación de frases y textos;Sí;Incorporación de personas con discapacidad cognitiva en los procesos de decisión del desarrollo de la aplicación, siguiendo un método de diseńo y desarrollo inclusivo., Incorporación de personas con discapacidad cognitiva en las pruebas a realizar sobre la aplicación., Revisión de las propuestas sugeridas por la aplicación por un equipo de personas con discapacidad cognitiva.;;Mujer;46-60;Educadora;Espańola;Entre 2 y 3 ańos
7/23/2020 7:55:37;Yo accedo a participar en esta encuesta;5;5;Diagnóstico de Materiales;Diagnóstico de Materiales;Diagnóstico de Materiales;Diagnóstico de Materiales;Diagnóstico de Materiales;Diagnóstico de Materiales;Recomendación de Transformaciones;Diagnóstico de Materiales;Diagnóstico de Materiales;Diagnóstico de Materiales;"(No soy adaptador de materiales de lectura fácil pero trabajo en accesibilidad cognitiva: investigación, creación de documentos, etc. )
Incluir una descripción de las imágenes (oculta) para que las personas ciegas sepan de qué tratan.";;Diagnóstico de Materiales;;Diagnóstico de Materiales;;;;;;;Recomendación de Transformaciones;;;Recomendación de Transformaciones;;;;Recomendación de Transformaciones;Diagnóstico de Materiales;;Recomendación de Transformaciones;Diagnóstico de Materiales;"Evitar las dobles negaciones. 
Es necesario respetar las reglas ortográficas por ejemplo en el uso de mayúsculas. ";No soy adaptador de materiales de lectura fácil. Me gustaría que fuera una aplicación sencilla de manejar e intuitiva.;Sí;Incorporación de personas con discapacidad cognitiva en los procesos de decisión del desarrollo de la aplicación, siguiendo un método de diseńo y desarrollo inclusivo., Incorporación de personas con discapacidad cognitiva en las pruebas a realizar sobre la aplicación., Revisión de las propuestas sugeridas por la aplicación por un equipo de personas con discapacidad cognitiva., Incluir a personas mayores también.;;Mujer;Más de 60;Psicóloga y logopeda. ;Espańola;Menos de 1 ańo
7/23/2020 8:14:46;Yo accedo a participar en esta encuesta;4;4;Diagnóstico de Materiales, Recomendación de Transformaciones;;;;;Diagnóstico de Materiales, Recomendación de Transformaciones;Diagnóstico de Materiales, Recomendación de Transformaciones;;;Diagnóstico de Materiales, Recomendación de Transformaciones;"Creación de ""párrafos"" con líneas en blanco entre bloques de líneas consecutivas; evitar líneas viudas y huérfanas";Diagnóstico de Materiales, Recomendación de Transformaciones;;Diagnóstico de Materiales, Recomendación de Transformaciones;;;Diagnóstico de Materiales, Recomendación de Transformaciones;;;Diagnóstico de Materiales, Recomendación de Transformaciones;Diagnóstico de Materiales, Recomendación de Transformaciones;;;;Diagnóstico de Materiales, Recomendación de Transformaciones;Diagnóstico de Materiales, Recomendación de Transformaciones;Diagnóstico de Materiales, Recomendación de Transformaciones;Diagnóstico de Materiales, Recomendación de Transformaciones;;;;Diagnóstico de Materiales, Recomendación de Transformaciones;Diagnóstico de Materiales, Recomendación de Transformaciones;Hay que introducir cierta flexibilidad en la pauta de redacción de frases simples, porque un texto con frases de este tipo queda muy robótico. A veces, es necesario introducir alguna subordinación para naturalizar el texto.;"Apoyo de sinónimo y frecuencias lingüísticas de palabras; memoria de adaptaciones para aplicar con textos similares.";Sí;Revisión de las propuestas sugeridas por la aplicación por un equipo de personas con discapacidad cognitiva.;;Hombre;31-45;Adaptador de textos de lectura fácil;Espańola;Más de 5 ańos
7/23/2020 8:27:48;Yo accedo a participar en esta encuesta;5;5;Recomendación de Transformaciones;Diagnóstico de Materiales;Diagnóstico de Materiales;Diagnóstico de Materiales;Recomendación de Transformaciones;Diagnóstico de Materiales;Diagnóstico de Materiales;Recomendación de Transformaciones;Diagnóstico de Materiales;Diagnóstico de Materiales;;Diagnóstico de Materiales;Diagnóstico de Materiales;Diagnóstico de Materiales;Diagnóstico de Materiales;Diagnóstico de Materiales;Diagnóstico de Materiales;Recomendación de Transformaciones;Diagnóstico de Materiales;Diagnóstico de Materiales;Diagnóstico de Materiales;Diagnóstico de Materiales;Diagnóstico de Materiales;Recomendación de Transformaciones;Diagnóstico de Materiales;Diagnóstico de Materiales;Diagnóstico de Materiales;Diagnóstico de Materiales;Diagnóstico de Materiales;Diagnóstico de Materiales;Recomendación de Transformaciones;Diagnóstico de Materiales;Diagnóstico de Materiales;;Sencilla de usar.;Sí;Incorporación de personas con discapacidad cognitiva en los procesos de decisión del desarrollo de la aplicación, siguiendo un método de diseńo y desarrollo inclusivo., Incorporación de personas con discapacidad cognitiva en las pruebas a realizar sobre la aplicación., Revisión de las propuestas sugeridas por la aplicación por un equipo de personas con discapacidad cognitiva.;;Mujer;46-60;Técnico de comunicación;Espańola;Más de 5 ańos
7/23/2020 8:48:03;Yo accedo a participar en esta encuesta;5;5;Diagnóstico de Materiales;Diagnóstico de Materiales;Recomendación de Transformaciones;Diagnóstico de Materiales;Recomendación de Transformaciones;Recomendación de Transformaciones;Diagnóstico de Materiales;Diagnóstico de Materiales;Recomendación de Transformaciones;Recomendación de Transformaciones;No hay que separar los párrafos en dos páginas diferentes;Recomendación de Transformaciones;Diagnóstico de Materiales;Diagnóstico de Materiales;Recomendación de Transformaciones;Diagnóstico de Materiales;Diagnóstico de Materiales;Recomendación de Transformaciones;Diagnóstico de Materiales;Diagnóstico de Materiales;Recomendación de Transformaciones;Diagnóstico de Materiales;Diagnóstico de Materiales;Recomendación de Transformaciones;Diagnóstico de Materiales;Diagnóstico de Materiales;Diagnóstico de Materiales;Recomendación de Transformaciones;Diagnóstico de Materiales;Diagnóstico de Materiales;Recomendación de Transformaciones;Diagnóstico de Materiales;Diagnóstico de Materiales;Evitar el uso de abreviaturas y el uso de siglas (si hay que usar siglas, explicar lo que significan).;Aparte de las funcionalidades que ya tiene, estaría bien que ofreciera sinónimos de las palabras que se usan en el texto.;Sí;Incorporación de personas con discapacidad cognitiva en los procesos de decisión del desarrollo de la aplicación, siguiendo un método de diseńo y desarrollo inclusivo., Incorporación de personas con discapacidad cognitiva en las pruebas a realizar sobre la aplicación., Revisión de las propuestas sugeridas por la aplicación por un equipo de personas con discapacidad cognitiva.;;Mujer;31-45;Psicóloga;Espańola;Entre 3 y 4 ańos
7/23/2020 9:41:47;Yo accedo a participar en esta encuesta;5;5;Diagnóstico de Materiales;Diagnóstico de Materiales;Diagnóstico de Materiales;Diagnóstico de Materiales;Diagnóstico de Materiales;Recomendación de Transformaciones;Recomendación de Transformaciones;Diagnóstico de Materiales;Diagnóstico de Materiales;Recomendación de Transformaciones;"El uso de colores para la división de los temas cuando se trata de textos 
extensos (recomendación) / el número de pagina tiene que incluir el total de páginas del documento, por ejemplo: página 3 de 50 (recomendación)";Diagnóstico de Materiales;Diagnóstico de Materiales;Diagnóstico de Materiales;Diagnóstico de Materiales;Diagnóstico de Materiales;Recomendación de Transformaciones;Recomendación de Transformaciones;Recomendación de Transformaciones;Recomendación de Transformaciones;Recomendación de Transformaciones;Diagnóstico de Materiales;Diagnóstico de Materiales;Diagnóstico de Materiales;Diagnóstico de Materiales;Recomendación de Transformaciones;Recomendación de Transformaciones;Recomendación de Transformaciones;Recomendación de Transformaciones;Diagnóstico de Materiales;Recomendación de Transformaciones;Diagnóstico de Materiales;Diagnóstico de Materiales;;Facilidad de uso ;Sí;Incorporación de personas con discapacidad cognitiva en los procesos de decisión del desarrollo de la aplicación, siguiendo un método de diseńo y desarrollo inclusivo., Incorporación de personas con discapacidad cognitiva en las pruebas a realizar sobre la aplicación., Revisión de los conjuntos de datos a utilizar en la aplicación por un equipo de personas con discapacidad cognitiva., Revisión de las propuestas sugeridas por la aplicación por un equipo de personas con discapacidad cognitiva.;;Mujer;31-45;Técnica de comunicación y accesibilidad cognitiva;Espańola;Más de 5 ańos
7/23/2020 10:41:29;Yo accedo a participar en esta encuesta;4;4;Diagnóstico de Materiales, Recomendación de Transformaciones;Diagnóstico de Materiales, Recomendación de Transformaciones;Diagnóstico de Materiales, Recomendación de Transformaciones;Diagnóstico de Materiales, Recomendación de Transformaciones;Diagnóstico de Materiales, Recomendación de Transformaciones;Diagnóstico de Materiales, Recomendación de Transformaciones;Diagnóstico de Materiales, Recomendación de Transformaciones;Diagnóstico de Materiales, Recomendación de Transformaciones;Diagnóstico de Materiales, Recomendación de Transformaciones;;;Diagnóstico de Materiales, Recomendación de Transformaciones;Diagnóstico de Materiales, Recomendación de Transformaciones;Diagnóstico de Materiales, Recomendación de Transformaciones;Diagnóstico de Materiales, Recomendación de Transformaciones;Diagnóstico de Materiales, Recomendación de Transformaciones;Diagnóstico de Materiales, Recomendación de Transformaciones;Diagnóstico de Materiales, Recomendación de Transformaciones;Diagnóstico de Materiales, Recomendación de Transformaciones;;;Diagnóstico de Materiales, Recomendación de Transformaciones;Diagnóstico de Materiales, Recomendación de Transformaciones;Diagnóstico de Materiales, Recomendación de Transformaciones;;;;Diagnóstico de Materiales, Recomendación de Transformaciones;Diagnóstico de Materiales, Recomendación de Transformaciones;Diagnóstico de Materiales, Recomendación de Transformaciones;;;Diagnóstico de Materiales, Recomendación de Transformaciones;;primer diagnóstico sobre el texto;Tal vez;Incorporación de personas con discapacidad cognitiva en los procesos de decisión del desarrollo de la aplicación, siguiendo un método de diseńo y desarrollo inclusivo., Incorporación de personas con discapacidad cognitiva en las pruebas a realizar sobre la aplicación., Revisión de los conjuntos de datos a utilizar en la aplicación por un equipo de personas con discapacidad cognitiva., Revisión de las propuestas sugeridas por la aplicación por un equipo de personas con discapacidad cognitiva.;;Mujer;46-60;Periodista;Espańola;Entre 1 y 2 ańos
7/24/2020 7:16:38;Yo accedo a participar en esta encuesta;5;5;Diagnóstico de Materiales;Diagnóstico de Materiales;Diagnóstico de Materiales;Diagnóstico de Materiales;Diagnóstico de Materiales;Diagnóstico de Materiales;Diagnóstico de Materiales;Diagnóstico de Materiales;Recomendación de Transformaciones;Diagnóstico de Materiales;"Si se escribe en vertical debería incluirse el texto en un bloque y diferenciarlo con colores de manera que se entienda como se debe leer.
Evitar escribir dentro de las imágenes y si se hace que exista suficiente contraste";Recomendación de Transformaciones;Diagnóstico de Materiales;Diagnóstico de Materiales;Diagnóstico de Materiales;Recomendación de Transformaciones;Recomendación de Transformaciones;Recomendación de Transformaciones;Diagnóstico de Materiales;Diagnóstico de Materiales;Recomendación de Transformaciones;Diagnóstico de Materiales;Recomendación de Transformaciones;Diagnóstico de Materiales;Diagnóstico de Materiales;Diagnóstico de Materiales;Diagnóstico de Materiales;Recomendación de Transformaciones;Diagnóstico de Materiales;Recomendación de Transformaciones;Diagnóstico de Materiales;Diagnóstico de Materiales;Diagnóstico de Materiales;"Que debe existir glosas para palabras dificiles. 
No poner abreviaturas.
Misma palabra para un mismo concepto";Que fuera accesible, y con manejo dinámico. ;Sí;Incorporación de personas con discapacidad cognitiva en los procesos de decisión del desarrollo de la aplicación, siguiendo un método de diseńo y desarrollo inclusivo., Incorporación de personas con discapacidad cognitiva en las pruebas a realizar sobre la aplicación., Revisión de los conjuntos de datos a utilizar en la aplicación por un equipo de personas con discapacidad cognitiva., Revisión de las propuestas sugeridas por la aplicación por un equipo de personas con discapacidad cognitiva., Que las personas con discapacidad cognitiva sean desde el principio parte del proceso, y no solo los destinatarios;"Es muy interesante y puede ser un apoyo, si es sencilla, para que las personas con discapacidad  tambien puedan utilizarla, ya que no se verian abocados a aprender y recordar conceptos de LF que pueden ser complejos. Y podrian en algunos casos tambien ser adaptadores, ya que no necesitarian aprender todas las pautas, ya que la aplicación de manera intuitiva le podria apoyar. 
Sin olvidar que es una aplicación de apoyo no puede sustituir a adaptadores ni a PDI, sino una herramienta para agilizar el tabajo.";Mujer;46-60;Pedagoga;Espańola;Menos de 1 ańo
7/24/2020 7:28:38;Yo accedo a participar en esta encuesta;5;5;Diagnóstico de Materiales, Recomendación de Transformaciones;Diagnóstico de Materiales, Recomendación de Transformaciones;Diagnóstico de Materiales, Recomendación de Transformaciones;Diagnóstico de Materiales, Recomendación de Transformaciones;Diagnóstico de Materiales, Recomendación de Transformaciones;Diagnóstico de Materiales, Recomendación de Transformaciones;Diagnóstico de Materiales, Recomendación de Transformaciones;Diagnóstico de Materiales, Recomendación de Transformaciones;Diagnóstico de Materiales, Recomendación de Transformaciones;Diagnóstico de Materiales, Recomendación de Transformaciones;Evitar gerundios, adverbios acabados en mente y palabra de uso poco frecuente.;Diagnóstico de Materiales, Recomendación de Transformaciones;Diagnóstico de Materiales, Recomendación de Transformaciones;Diagnóstico de Materiales, Recomendación de Transformaciones;Diagnóstico de Materiales, Recomendación de Transformaciones;Diagnóstico de Materiales, Recomendación de Transformaciones;Diagnóstico de Materiales, Recomendación de Transformaciones;Diagnóstico de Materiales, Recomendación de Transformaciones;Diagnóstico de Materiales, Recomendación de Transformaciones;Diagnóstico de Materiales, Recomendación de Transformaciones;Diagnóstico de Materiales, Recomendación de Transformaciones;Diagnóstico de Materiales, Recomendación de Transformaciones;Diagnóstico de Materiales, Recomendación de Transformaciones;Diagnóstico de Materiales, Recomendación de Transformaciones;Diagnóstico de Materiales, Recomendación de Transformaciones;Diagnóstico de Materiales, Recomendación de Transformaciones;Diagnóstico de Materiales, Recomendación de Transformaciones;Diagnóstico de Materiales, Recomendación de Transformaciones;Diagnóstico de Materiales, Recomendación de Transformaciones;Diagnóstico de Materiales, Recomendación de Transformaciones;Diagnóstico de Materiales, Recomendación de Transformaciones;Diagnóstico de Materiales, Recomendación de Transformaciones;Diagnóstico de Materiales, Recomendación de Transformaciones;Yo incluiría todas las pautas posibles. El informe mostraría en verde los correcto y en rojo lo incorrecto. ;Marcar los fallos sobre todo en rojo y dar posibles opciones. En palabras complejas, que te dé la opción de sustituir o explicar.;Sí;Incorporación de personas con discapacidad cognitiva en los procesos de decisión del desarrollo de la aplicación, siguiendo un método de diseńo y desarrollo inclusivo., Incorporación de personas con discapacidad cognitiva en las pruebas a realizar sobre la aplicación., Revisión de los conjuntos de datos a utilizar en la aplicación por un equipo de personas con discapacidad cognitiva., Revisión de las propuestas sugeridas por la aplicación por un equipo de personas con discapacidad cognitiva., Revisar el interfaz final con personas adaptadoras para que les resulte útil y cómodo de usar.;Va a ser una herramienta muy útil. Felicidades por el proyecto.;Mujer;31-45;Responsable de accesibilidad;Espańola;Más de 5 ańos
7/24/2020 8:10:46;Yo accedo a participar en esta encuesta;2;3;;Recomendación de Transformaciones;Diagnóstico de Materiales, Recomendación de Transformaciones;Diagnóstico de Materiales, Recomendación de Transformaciones;;Diagnóstico de Materiales, Recomendación de Transformaciones;Diagnóstico de Materiales, Recomendación de Transformaciones;;;Recomendación de Transformaciones;;;;Recomendación de Transformaciones;;Diagnóstico de Materiales, Recomendación de Transformaciones;Diagnóstico de Materiales;;Diagnóstico de Materiales;Diagnóstico de Materiales;Diagnóstico de Materiales;Diagnóstico de Materiales, Recomendación de Transformaciones;Diagnóstico de Materiales, Recomendación de Transformaciones;;;Diagnóstico de Materiales;;;Diagnóstico de Materiales, Recomendación de Transformaciones;Recomendación de Transformaciones;;Diagnóstico de Materiales, Recomendación de Transformaciones;Diagnóstico de Materiales;;No sé a qué se refiere la pregunta;Tal vez;Incorporación de personas con discapacidad cognitiva en las pruebas a realizar sobre la aplicación.;La automatización pierde la subjetividad y el enfoque persona necesario para realizar una buena adaptación. Puede ser una ayuda pero muy limitada.;Mujer;31-45;PROFESIONAL LF;Espańola;Más de 5 ańos
7/24/2020 9:07:04;Yo accedo a participar en esta encuesta;5;5;;Diagnóstico de Materiales;;;Diagnóstico de Materiales;;;Diagnóstico de Materiales;;;;Diagnóstico de Materiales;Diagnóstico de Materiales;;;;;;;;;;;;;;;;Diagnóstico de Materiales;;;;;;Imágenes simples y con descripción alterntiva;Sí;Revisión de las propuestas sugeridas por la aplicación por un equipo de personas con discapacidad cognitiva.;;Mujer;46-60;Técnico de rehabilitación de la ONCE, asesor en accesibilidad;Espańola;Más de 5 ańos
7/24/2020 14:03:33;Yo accedo a participar en esta encuesta;5;5;Diagnóstico de Materiales, Recomendación de Transformaciones;Diagnóstico de Materiales, Recomendación de Transformaciones;Diagnóstico de Materiales, Recomendación de Transformaciones;Diagnóstico de Materiales, Recomendación de Transformaciones;Diagnóstico de Materiales, Recomendación de Transformaciones;Diagnóstico de Materiales, Recomendación de Transformaciones;Diagnóstico de Materiales, Recomendación de Transformaciones;Diagnóstico de Materiales, Recomendación de Transformaciones;Diagnóstico de Materiales, Recomendación de Transformaciones;Diagnóstico de Materiales, Recomendación de Transformaciones;Número de palabras por renglon;Diagnóstico de Materiales, Recomendación de Transformaciones;Diagnóstico de Materiales, Recomendación de Transformaciones;Diagnóstico de Materiales, Recomendación de Transformaciones;Diagnóstico de Materiales, Recomendación de Transformaciones;Diagnóstico de Materiales, Recomendación de Transformaciones;Diagnóstico de Materiales, Recomendación de Transformaciones;Diagnóstico de Materiales, Recomendación de Transformaciones;Diagnóstico de Materiales, Recomendación de Transformaciones;Diagnóstico de Materiales, Recomendación de Transformaciones;Diagnóstico de Materiales, Recomendación de Transformaciones;Diagnóstico de Materiales, Recomendación de Transformaciones;Diagnóstico de Materiales, Recomendación de Transformaciones;Diagnóstico de Materiales, Recomendación de Transformaciones;Diagnóstico de Materiales, Recomendación de Transformaciones;Diagnóstico de Materiales, Recomendación de Transformaciones;Diagnóstico de Materiales, Recomendación de Transformaciones;Diagnóstico de Materiales, Recomendación de Transformaciones;Diagnóstico de Materiales, Recomendación de Transformaciones;Diagnóstico de Materiales, Recomendación de Transformaciones;Diagnóstico de Materiales, Recomendación de Transformaciones;Diagnóstico de Materiales, Recomendación de Transformaciones;Diagnóstico de Materiales, Recomendación de Transformaciones;;Que te corrigiera automáticamente reglas pautadas obvias para facilitar y poder avanzar más rápido ;Sí;Incorporación de personas con discapacidad cognitiva en las pruebas a realizar sobre la aplicación.;;Mujer;46-60;Profesora de educación especial;Espańola;Más de 5 ańos
7/27/2020 7:46:32;Yo accedo a participar en esta encuesta;5;3;Diagnóstico de Materiales;Diagnóstico de Materiales;;Diagnóstico de Materiales;Diagnóstico de Materiales;;;Diagnóstico de Materiales;Diagnóstico de Materiales;Diagnóstico de Materiales;"Las imágenes deben tener un fondo liso de forma que permita su percepción correcta.
El fondo del texto debe ser de un color liso, sin degradaciones ni dibujos.";Diagnóstico de Materiales;;Diagnóstico de Materiales;Diagnóstico de Materiales;Diagnóstico de Materiales;Diagnóstico de Materiales;;Diagnóstico de Materiales;Diagnóstico de Materiales;Diagnóstico de Materiales;Diagnóstico de Materiales;;Diagnóstico de Materiales;Diagnóstico de Materiales;Diagnóstico de Materiales;Diagnóstico de Materiales;;;;;Diagnóstico de Materiales;Diagnóstico de Materiales;;Que evaluara documentos elaborados en cualquier formato (word, pdf,...);Tal vez;Incorporación de personas con discapacidad cognitiva en los procesos de decisión del desarrollo de la aplicación, siguiendo un método de diseńo y desarrollo inclusivo., Incorporación de personas con discapacidad cognitiva en las pruebas a realizar sobre la aplicación., Revisión de los conjuntos de datos a utilizar en la aplicación por un equipo de personas con discapacidad cognitiva., Revisión de las propuestas sugeridas por la aplicación por un equipo de personas con discapacidad cognitiva., Incorporar en todo el desarrollo de la aplicación a personas con dificultades de comprensión con o sin discapacidad, por ejemplo, personas mayores, personas con dańo cerebral o personas con poco conocimiento del idioma espańol, entre otros.;;Mujer;46-60;Terapeuta ocupacional;Espańola;Entre 3 y 4 ańos
7/28/2020 7:46:27;Yo accedo a participar en esta encuesta;4;4;Diagnóstico de Materiales;Diagnóstico de Materiales;;Diagnóstico de Materiales;Diagnóstico de Materiales;Diagnóstico de Materiales;;Diagnóstico de Materiales;Diagnóstico de Materiales;Diagnóstico de Materiales;;Diagnóstico de Materiales;;Diagnóstico de Materiales, Recomendación de Transformaciones;Diagnóstico de Materiales, Recomendación de Transformaciones;Diagnóstico de Materiales;Diagnóstico de Materiales;Diagnóstico de Materiales, Recomendación de Transformaciones;Diagnóstico de Materiales, Recomendación de Transformaciones;Diagnóstico de Materiales, Recomendación de Transformaciones;Diagnóstico de Materiales, Recomendación de Transformaciones;Diagnóstico de Materiales;Diagnóstico de Materiales, Recomendación de Transformaciones;Diagnóstico de Materiales;Diagnóstico de Materiales, Recomendación de Transformaciones;Diagnóstico de Materiales, Recomendación de Transformaciones;Diagnóstico de Materiales, Recomendación de Transformaciones;Diagnóstico de Materiales, Recomendación de Transformaciones;Diagnóstico de Materiales;Diagnóstico de Materiales, Recomendación de Transformaciones;Diagnóstico de Materiales;Diagnóstico de Materiales, Recomendación de Transformaciones;Diagnóstico de Materiales;;Sencilla de utilizar, con actualizaciones.;Sí;Incorporación de personas con discapacidad cognitiva en los procesos de decisión del desarrollo de la aplicación, siguiendo un método de diseńo y desarrollo inclusivo., Incorporación de personas con discapacidad cognitiva en las pruebas a realizar sobre la aplicación., Revisión de los conjuntos de datos a utilizar en la aplicación por un equipo de personas con discapacidad cognitiva., Revisión de las propuestas sugeridas por la aplicación por un equipo de personas con discapacidad cognitiva.;;Mujer;46-60;Responsable Área Accesibilidad Cognitiva en entidad que trabaja con personas con discapacidad;Espańola;Entre 4 y 5 ańos
7/28/2020 8:52:25;Yo accedo a participar en esta encuesta;4;4;Diagnóstico de Materiales, Recomendación de Transformaciones;;Diagnóstico de Materiales;;Diagnóstico de Materiales, Recomendación de Transformaciones;;;Diagnóstico de Materiales;Diagnóstico de Materiales, Recomendación de Transformaciones;;"Sería recomendable que no incluyera como pauta el subrayado. En general, es preferible no subrayar puesto que la legibilidad disminuye, con lo que se debería evitar.  Algunas pautas requieren siempre la intervención del adaptador/a quizá el resultado del análisis de una web no ofreciese un resultado adecuado. Por ejemplo, la justificación a la izquierda no debería ser automática (p.ej. como en el procesador Word), puesto que puede ofrecer como resultado la división de sintagmas que entorpecen la fluidez lectora. Utilizar un análisis solo de la justificación a la izquierda podría ofrecer un resultado óptimo, que sin embargo, en la práctica no es funcional para la lectura. Es el mismo caso de las imágenes. La adecuada asociación - referencia entre estas y el texto que la acompańa requiere de un proceso de revisión y reflexión por parte del grupo validador, y quizá no sería una pauta que incluiría en una revisión automática en la web. En cuanto a las imágenes próximas al texto dependerá del tipo de contenido del que se trate. Por ejemplo, en una narrativa la ilustración puede ocupar una página completa y el texto al que corresponde en la página siguiente. Otra pauta que no entiendo bien es la correspondiente a ""la cantidad de palabras en el texto es correcta"". Es más importante que la información que transmite el texto sea la adecuada para facilitar su comprensión que ""medir"" el número de palabras, puesto que también dependerá  de si se trata de un tríptico informativo o una narrativa. Es decir, puede tener una cantidad de palabras adecuada y no transmitir la información clave para la comprensión de la información.";Diagnóstico de Materiales, Recomendación de Transformaciones;Diagnóstico de Materiales, Recomendación de Transformaciones;;Diagnóstico de Materiales, Recomendación de Transformaciones;Diagnóstico de Materiales, Recomendación de Transformaciones;Diagnóstico de Materiales, Recomendación de Transformaciones;Diagnóstico de Materiales, Recomendación de Transformaciones;Diagnóstico de Materiales, Recomendación de Transformaciones;Diagnóstico de Materiales, Recomendación de Transformaciones;Diagnóstico de Materiales, Recomendación de Transformaciones;Diagnóstico de Materiales, Recomendación de Transformaciones;Diagnóstico de Materiales, Recomendación de Transformaciones;Diagnóstico de Materiales, Recomendación de Transformaciones;Diagnóstico de Materiales, Recomendación de Transformaciones;Diagnóstico de Materiales, Recomendación de Transformaciones;;Diagnóstico de Materiales, Recomendación de Transformaciones;;Diagnóstico de Materiales, Recomendación de Transformaciones;;;;En el listado aparecen algunas repetidas, que ya estaban incluidas, como por ejemplo, evitar la voz pasiva o el uso de frases cortas. Creo que este tipo de pautas son más sencillas de verificar por una web. Quizá tendría en cuenta que, el uso de la segunda persona solo se analizara si es, por ejemplo, un texto informativo, en el que quieres dirigirte al lector. En otro tipo de textos, esta pauta no puede aplicar. ;Creo que sería importante que se aplicaran las pautas y recomendaciones que incluye la  UNE 153101:2018 EX Lectura Fácil. Pautas y recomendaciones para la elaboración de documentos. Al ser una norma consensuada por un equipo multidisciplinar, creo que recoge el acuerdo sobre lo que se debe y debería tener en cuenta.;Cuando tuviera ocasión de probarla y comprobar los resultados tendría más criterio para contestar esta pregunta;Incorporación de personas con discapacidad cognitiva en los procesos de decisión del desarrollo de la aplicación, siguiendo un método de diseńo y desarrollo inclusivo., Incorporación de personas con discapacidad cognitiva en las pruebas a realizar sobre la aplicación., Revisión de los conjuntos de datos a utilizar en la aplicación por un equipo de personas con discapacidad cognitiva., Revisión de las propuestas sugeridas por la aplicación por un equipo de personas con discapacidad cognitiva., En mi opinión, la participación de personas con dificultades de comprensión lectora es clave en el diseńo de cualquier recurso cuyos destinatarios sean el propio colectivo. También sería importante considerar la diversidad de causas de las dificultades de comprensión lectora (p.ej. personas con discapacidad, personas con dańo cerebral, personas con dificultades de desarrollo del lenguaje, etc.);Espero haber sido constructiva en mis comentarios. Todo lo incluido tiene como objetivo aportar y servir de mejora para el recurso que están diseńando.;Mujer;31-45;Logopeda;Espańola;Más de 5 ańos
7/28/2020 12:11:17;Yo accedo a participar en esta encuesta;5;5;Diagnóstico de Materiales, Recomendación de Transformaciones;Diagnóstico de Materiales;Diagnóstico de Materiales;Diagnóstico de Materiales;;Diagnóstico de Materiales, Recomendación de Transformaciones;Diagnóstico de Materiales, Recomendación de Transformaciones;Diagnóstico de Materiales, Recomendación de Transformaciones;Diagnóstico de Materiales, Recomendación de Transformaciones;Diagnóstico de Materiales, Recomendación de Transformaciones;;;;Diagnóstico de Materiales;Diagnóstico de Materiales;Diagnóstico de Materiales, Recomendación de Transformaciones;Diagnóstico de Materiales, Recomendación de Transformaciones;Diagnóstico de Materiales, Recomendación de Transformaciones;Diagnóstico de Materiales;Diagnóstico de Materiales;;Diagnóstico de Materiales, Recomendación de Transformaciones;Diagnóstico de Materiales, Recomendación de Transformaciones;Diagnóstico de Materiales, Recomendación de Transformaciones;Diagnóstico de Materiales, Recomendación de Transformaciones;Diagnóstico de Materiales, Recomendación de Transformaciones;Diagnóstico de Materiales, Recomendación de Transformaciones;Diagnóstico de Materiales, Recomendación de Transformaciones;Diagnóstico de Materiales, Recomendación de Transformaciones;Diagnóstico de Materiales, Recomendación de Transformaciones;Diagnóstico de Materiales, Recomendación de Transformaciones;Diagnóstico de Materiales, Recomendación de Transformaciones;Diagnóstico de Materiales, Recomendación de Transformaciones;Debe evitarse las palabras escritas en otros idiomas;Facilidad de la herramienta;Tal vez;Incorporación de personas con discapacidad cognitiva en los procesos de decisión del desarrollo de la aplicación, siguiendo un método de diseńo y desarrollo inclusivo., Incorporación de personas con discapacidad cognitiva en las pruebas a realizar sobre la aplicación., Revisión de los conjuntos de datos a utilizar en la aplicación por un equipo de personas con discapacidad cognitiva., Revisión de las propuestas sugeridas por la aplicación por un equipo de personas con discapacidad cognitiva.;;Mujer;46-60;Profesora y adaptadora de textos;Espańola;Más de 5 ańos
7/30/2020 3:17:38;Yo accedo a participar en esta encuesta;5;5;;;;;;;;;;;;;;;;;;;;;;;;;;;;;;;;;;;A;Sí;Incorporación de personas con discapacidad cognitiva en los procesos de decisión del desarrollo de la aplicación, siguiendo un método de diseńo y desarrollo inclusivo., Incorporación de personas con discapacidad cognitiva en las pruebas a realizar sobre la aplicación., Revisión de los conjuntos de datos a utilizar en la aplicación por un equipo de personas con discapacidad cognitiva., Revisión de las propuestas sugeridas por la aplicación por un equipo de personas con discapacidad cognitiva.;;Prefiero no decirlo;Más de 60;Uff;Espańola;Más de 5 ańos
7/30/2020 8:59:37;Yo accedo a participar en esta encuesta;5;5;Diagnóstico de Materiales;Recomendación de Transformaciones;Recomendación de Transformaciones;Recomendación de Transformaciones;;;Recomendación de Transformaciones;Diagnóstico de Materiales;Diagnóstico de Materiales;Recomendación de Transformaciones;;Recomendación de Transformaciones;Recomendación de Transformaciones;Diagnóstico de Materiales;Diagnóstico de Materiales;Diagnóstico de Materiales;Diagnóstico de Materiales;Diagnóstico de Materiales;Recomendación de Transformaciones;Recomendación de Transformaciones;Recomendación de Transformaciones;Recomendación de Transformaciones;Recomendación de Transformaciones;Recomendación de Transformaciones;Recomendación de Transformaciones;Recomendación de Transformaciones;Recomendación de Transformaciones;Diagnóstico de Materiales;Recomendación de Transformaciones;Diagnóstico de Materiales;Diagnóstico de Materiales;Recomendación de Transformaciones;Recomendación de Transformaciones;;que sea sencilla de usar;Sí;Incorporación de personas con discapacidad cognitiva en los procesos de decisión del desarrollo de la aplicación, siguiendo un método de diseńo y desarrollo inclusivo., Incorporación de personas con discapacidad cognitiva en las pruebas a realizar sobre la aplicación., Revisión de las propuestas sugeridas por la aplicación por un equipo de personas con discapacidad cognitiva.;;Mujer;Más de 60;empleado público;Espańola;Entre 1 y 2 ańos
08/05/2020 9:35;Yo accedo a participar en esta encuesta;4;4;Diagnóstico de Materiales;Diagnóstico de Materiales;;Diagnóstico de Materiales;;;Diagnóstico de Materiales;;;Diagnóstico de Materiales;;;;Diagnóstico de Materiales;;;;;;;Diagnóstico de Materiales;;;Diagnóstico de Materiales;;;;;Diagnóstico de Materiales;;Diagnóstico de Materiales;Diagnóstico de Materiales;;;"Sencilla de manejar.
Clara en sus observaciones.
Que sea realmente operativa.";Tal vez;Incorporación de personas con discapacidad cognitiva en los procesos de decisión del desarrollo de la aplicación, siguiendo un método de diseńo y desarrollo inclusivo., Incorporación de personas con discapacidad cognitiva en las pruebas a realizar sobre la aplicación., Revisión de las propuestas sugeridas por la aplicación por un equipo de personas con discapacidad cognitiva.;;Mujer;46-60;Periodista;Espańola;Más de 5 ańos
8/27/2020 15:56:11;Yo accedo a participar en esta encuesta;5;5;Diagnóstico de Materiales;Diagnóstico de Materiales;Diagnóstico de Materiales;Recomendación de Transformaciones;Recomendación de Transformaciones;Diagnóstico de Materiales;Recomendación de Transformaciones;Diagnóstico de Materiales;Recomendación de Transformaciones;Diagnóstico de Materiales;Se debe evitar incluir imágenes debajo del texto, como fondo ;;Diagnóstico de Materiales;Recomendación de Transformaciones;Diagnóstico de Materiales;Diagnóstico de Materiales;Diagnóstico de Materiales;Recomendación de Transformaciones;Recomendación de Transformaciones;Recomendación de Transformaciones;Diagnóstico de Materiales;Diagnóstico de Materiales;Recomendación de Transformaciones;Recomendación de Transformaciones;Diagnóstico de Materiales;Recomendación de Transformaciones;Diagnóstico de Materiales;Recomendación de Transformaciones;Diagnóstico de Materiales;Recomendación de Transformaciones;Recomendación de Transformaciones;Recomendación de Transformaciones;Diagnóstico de Materiales;;Que de ejemplos claros que apoyen a la tarea diaria;Sí;Incorporación de personas con discapacidad cognitiva en los procesos de decisión del desarrollo de la aplicación, siguiendo un método de diseńo y desarrollo inclusivo., Incorporación de personas con discapacidad cognitiva en las pruebas a realizar sobre la aplicación., Revisión de los conjuntos de datos a utilizar en la aplicación por un equipo de personas con discapacidad cognitiva., Revisión de las propuestas sugeridas por la aplicación por un equipo de personas con discapacidad cognitiva.;;Mujer;31-45;Lic. en Comunicación;Uruguay;Entre 3 y 4 ańos
8/27/2020 15:56:17;Yo accedo a participar en esta encuesta;5;5;Diagnóstico de Materiales;Diagnóstico de Materiales;Diagnóstico de Materiales;Recomendación de Transformaciones;Recomendación de Transformaciones;Diagnóstico de Materiales;Recomendación de Transformaciones;Diagnóstico de Materiales;Recomendación de Transformaciones;Diagnóstico de Materiales;Se debe evitar incluir imágenes debajo del texto, como fondo ;;Diagnóstico de Materiales;Recomendación de Transformaciones;Diagnóstico de Materiales;Diagnóstico de Materiales;Diagnóstico de Materiales;Recomendación de Transformaciones;Recomendación de Transformaciones;Recomendación de Transformaciones;Diagnóstico de Materiales;Diagnóstico de Materiales;Recomendación de Transformaciones;Recomendación de Transformaciones;Diagnóstico de Materiales;Recomendación de Transformaciones;Diagnóstico de Materiales;Recomendación de Transformaciones;Diagnóstico de Materiales;Recomendación de Transformaciones;Recomendación de Transformaciones;Recomendación de Transformaciones;Diagnóstico de Materiales;;Que de ejemplos claros que apoyen a la tarea diaria;Sí;Incorporación de personas con discapacidad cognitiva en los procesos de decisión del desarrollo de la aplicación, siguiendo un método de diseńo y desarrollo inclusivo., Incorporación de personas con discapacidad cognitiva en las pruebas a realizar sobre la aplicación., Revisión de los conjuntos de datos a utilizar en la aplicación por un equipo de personas con discapacidad cognitiva., Revisión de las propuestas sugeridas por la aplicación por un equipo de personas con discapacidad cognitiva.;;Mujer;31-45;Lic. en Comunicación;Uruguay;Entre 3 y 4 ańos
09/03/2020 12:25;Yo accedo a participar en esta encuesta;5;5;Diagnóstico de Materiales;Recomendación de Transformaciones;Diagnóstico de Materiales;Diagnóstico de Materiales;;Recomendación de Transformaciones;Diagnóstico de Materiales;Recomendación de Transformaciones;;Recomendación de Transformaciones;;Diagnóstico de Materiales;Diagnóstico de Materiales;Recomendación de Transformaciones;Recomendación de Transformaciones;Recomendación de Transformaciones;Diagnóstico de Materiales;Recomendación de Transformaciones;Diagnóstico de Materiales;Diagnóstico de Materiales;Recomendación de Transformaciones;Recomendación de Transformaciones;Diagnóstico de Materiales;Diagnóstico de Materiales;Diagnóstico de Materiales;Diagnóstico de Materiales;Recomendación de Transformaciones;Recomendación de Transformaciones;Diagnóstico de Materiales;Diagnóstico de Materiales;Recomendación de Transformaciones;Diagnóstico de Materiales;Diagnóstico de Materiales;;Que fuese gratuito de bajo coste. Que se pudieran generar plantillas;Sí;Incorporación de personas con discapacidad cognitiva en los procesos de decisión del desarrollo de la aplicación, siguiendo un método de diseńo y desarrollo inclusivo., Incorporación de personas con discapacidad cognitiva en las pruebas a realizar sobre la aplicación., Revisión de los conjuntos de datos a utilizar en la aplicación por un equipo de personas con discapacidad cognitiva., Revisión de las propuestas sugeridas por la aplicación por un equipo de personas con discapacidad cognitiva., Necesidad que participen personas con discapacidad cognitiva y validen el texto;Es un proyecto muy interesante que podría facilitar la adaptación de documentos a lectura fácil de manera más generalizada;Mujer;46-60;Trabajadora social;Espańola;Entre 1 y 2 ańos
9/29/2020 7:32:56;Yo accedo a participar en esta encuesta;4;5;Diagnóstico de Materiales;Diagnóstico de Materiales;Recomendación de Transformaciones;Recomendación de Transformaciones;Recomendación de Transformaciones;Diagnóstico de Materiales;Recomendación de Transformaciones;Recomendación de Transformaciones;Recomendación de Transformaciones;Recomendación de Transformaciones;;Recomendación de Transformaciones;Diagnóstico de Materiales;Recomendación de Transformaciones;Diagnóstico de Materiales;Recomendación de Transformaciones;Recomendación de Transformaciones;Recomendación de Transformaciones;Recomendación de Transformaciones;Recomendación de Transformaciones;Recomendación de Transformaciones;Recomendación de Transformaciones;Recomendación de Transformaciones;Recomendación de Transformaciones;Recomendación de Transformaciones;Recomendación de Transformaciones;Recomendación de Transformaciones;Diagnóstico de Materiales;Diagnóstico de Materiales;Diagnóstico de Materiales;Diagnóstico de Materiales;Recomendación de Transformaciones;Recomendación de Transformaciones;;Que detecte posibles errores que no cumplan con las pautas y dé soluciones;Tal vez;Incorporación de personas con discapacidad cognitiva en los procesos de decisión del desarrollo de la aplicación, siguiendo un método de diseńo y desarrollo inclusivo., Incorporación de personas con discapacidad cognitiva en las pruebas a realizar sobre la aplicación., Revisión de los conjuntos de datos a utilizar en la aplicación por un equipo de personas con discapacidad cognitiva., Revisión de las propuestas sugeridas por la aplicación por un equipo de personas con discapacidad cognitiva.;;Hombre;31-45;técnico;Espańola;Entre 2 y 3 ańos
9/29/2020 9:24:59;Yo accedo a participar en esta encuesta;5;5;Diagnóstico de Materiales;Diagnóstico de Materiales, Recomendación de Transformaciones;Diagnóstico de Materiales, Recomendación de Transformaciones;Diagnóstico de Materiales, Recomendación de Transformaciones;Diagnóstico de Materiales, Recomendación de Transformaciones;Diagnóstico de Materiales;Diagnóstico de Materiales;Diagnóstico de Materiales, Recomendación de Transformaciones;Diagnóstico de Materiales, Recomendación de Transformaciones;Diagnóstico de Materiales;;Diagnóstico de Materiales, Recomendación de Transformaciones;Diagnóstico de Materiales, Recomendación de Transformaciones;Diagnóstico de Materiales;Diagnóstico de Materiales;Diagnóstico de Materiales;Diagnóstico de Materiales, Recomendación de Transformaciones;Diagnóstico de Materiales;Diagnóstico de Materiales;Diagnóstico de Materiales, Recomendación de Transformaciones;Diagnóstico de Materiales;Diagnóstico de Materiales;Diagnóstico de Materiales;Diagnóstico de Materiales;Diagnóstico de Materiales, Recomendación de Transformaciones;Diagnóstico de Materiales;Diagnóstico de Materiales, Recomendación de Transformaciones;Diagnóstico de Materiales, Recomendación de Transformaciones;Diagnóstico de Materiales, Recomendación de Transformaciones;Diagnóstico de Materiales, Recomendación de Transformaciones;Diagnóstico de Materiales;Diagnóstico de Materiales, Recomendación de Transformaciones;Diagnóstico de Materiales, Recomendación de Transformaciones;;Me gustaría que facilitara sobre todo los aspectos más generales y básicos de una adaptación, ya que otros más concretos creo que son más discutibles. Como un corrector de textos.;Sí;Incorporación de personas con discapacidad cognitiva en los procesos de decisión del desarrollo de la aplicación, siguiendo un método de diseńo y desarrollo inclusivo., Incorporación de personas con discapacidad cognitiva en las pruebas a realizar sobre la aplicación., Revisión de los conjuntos de datos a utilizar en la aplicación por un equipo de personas con discapacidad cognitiva., Revisión de las propuestas sugeridas por la aplicación por un equipo de personas con discapacidad cognitiva.;;Hombre;46-60;Técnico de comunicación;Espańola;Más de 5 ańos
9/29/2020 13:42:52;Yo accedo a participar en esta encuesta;5;5;Diagnóstico de Materiales;Diagnóstico de Materiales;Recomendación de Transformaciones;Diagnóstico de Materiales;Diagnóstico de Materiales, Recomendación de Transformaciones;Diagnóstico de Materiales, Recomendación de Transformaciones;Diagnóstico de Materiales, Recomendación de Transformaciones;Diagnóstico de Materiales, Recomendación de Transformaciones;Diagnóstico de Materiales;Diagnóstico de Materiales, Recomendación de Transformaciones;;Diagnóstico de Materiales;Diagnóstico de Materiales, Recomendación de Transformaciones;Diagnóstico de Materiales, Recomendación de Transformaciones;Diagnóstico de Materiales;Diagnóstico de Materiales;Recomendación de Transformaciones;Recomendación de Transformaciones;Diagnóstico de Materiales;Recomendación de Transformaciones;Diagnóstico de Materiales;Diagnóstico de Materiales, Recomendación de Transformaciones;Diagnóstico de Materiales, Recomendación de Transformaciones;Diagnóstico de Materiales, Recomendación de Transformaciones;Diagnóstico de Materiales, Recomendación de Transformaciones;Diagnóstico de Materiales, Recomendación de Transformaciones;Diagnóstico de Materiales, Recomendación de Transformaciones;Diagnóstico de Materiales;Recomendación de Transformaciones;Diagnóstico de Materiales;Recomendación de Transformaciones;Diagnóstico de Materiales;Diagnóstico de Materiales, Recomendación de Transformaciones;;Que fuera accesible a cualquier persona;Sí;Incorporación de personas con discapacidad cognitiva en los procesos de decisión del desarrollo de la aplicación, siguiendo un método de diseńo y desarrollo inclusivo., Revisión de los conjuntos de datos a utilizar en la aplicación por un equipo de personas con discapacidad cognitiva.;;Mujer;31-45;AL;Espańola;Entre 1 y 2 ańos
9/30/2020 7:26:39;Yo accedo a participar en esta encuesta;5;5;Diagnóstico de Materiales;Diagnóstico de Materiales;Diagnóstico de Materiales;Recomendación de Transformaciones;Recomendación de Transformaciones;Diagnóstico de Materiales;Recomendación de Transformaciones;Diagnóstico de Materiales;Diagnóstico de Materiales;Recomendación de Transformaciones;;Diagnóstico de Materiales;Diagnóstico de Materiales;Recomendación de Transformaciones;Diagnóstico de Materiales;Diagnóstico de Materiales;Diagnóstico de Materiales;Diagnóstico de Materiales;Diagnóstico de Materiales;Recomendación de Transformaciones;Recomendación de Transformaciones;Diagnóstico de Materiales;Diagnóstico de Materiales;Recomendación de Transformaciones;Diagnóstico de Materiales;Recomendación de Transformaciones;Diagnóstico de Materiales;Diagnóstico de Materiales;Diagnóstico de Materiales, Recomendación de Transformaciones;Diagnóstico de Materiales;Recomendación de Transformaciones;Diagnóstico de Materiales;Diagnóstico de Materiales, Recomendación de Transformaciones;;Detectar errores e hiciera recomendaciones/ofrecer alternativas;Sí;Incorporación de personas con discapacidad cognitiva en los procesos de decisión del desarrollo de la aplicación, siguiendo un método de diseńo y desarrollo inclusivo., Incorporación de personas con discapacidad cognitiva en las pruebas a realizar sobre la aplicación., Revisión de los conjuntos de datos a utilizar en la aplicación por un equipo de personas con discapacidad cognitiva., Revisión de las propuestas sugeridas por la aplicación por un equipo de personas con discapacidad cognitiva.;;Mujer;31-45;Maestra PT y AL;Espańola;Entre 3 y 4 ańos
9/30/2020 7:30:21;Yo accedo a participar en esta encuesta;5;5;Diagnóstico de Materiales, Recomendación de Transformaciones;Diagnóstico de Materiales;Recomendación de Transformaciones;Diagnóstico de Materiales;Diagnóstico de Materiales;Diagnóstico de Materiales, Recomendación de Transformaciones;Diagnóstico de Materiales;Diagnóstico de Materiales;Diagnóstico de Materiales, Recomendación de Transformaciones;Diagnóstico de Materiales;;Recomendación de Transformaciones;Recomendación de Transformaciones;Diagnóstico de Materiales;Recomendación de Transformaciones;Recomendación de Transformaciones;Diagnóstico de Materiales;Diagnóstico de Materiales;Recomendación de Transformaciones;Diagnóstico de Materiales;Diagnóstico de Materiales;Diagnóstico de Materiales;Diagnóstico de Materiales;Diagnóstico de Materiales;Diagnóstico de Materiales;Diagnóstico de Materiales;Recomendación de Transformaciones;Diagnóstico de Materiales;Diagnóstico de Materiales;Diagnóstico de Materiales;Diagnóstico de Materiales;Diagnóstico de Materiales;Diagnóstico de Materiales;;Universal, intuitiva, fácil de utilizar y de fácil edición;Tal vez;Incorporación de personas con discapacidad cognitiva en los procesos de decisión del desarrollo de la aplicación, siguiendo un método de diseńo y desarrollo inclusivo., Incorporación de personas con discapacidad cognitiva en las pruebas a realizar sobre la aplicación., Revisión de los conjuntos de datos a utilizar en la aplicación por un equipo de personas con discapacidad cognitiva., Revisión de las propuestas sugeridas por la aplicación por un equipo de personas con discapacidad cognitiva.;;Hombre;31-45;Terapeuta;Espańola;Entre 3 y 4 ańos
9/30/2020 11:53:59;Yo accedo a participar en esta encuesta;5;5;Recomendación de Transformaciones;Recomendación de Transformaciones;Recomendación de Transformaciones;Diagnóstico de Materiales, Recomendación de Transformaciones;Diagnóstico de Materiales, Recomendación de Transformaciones;Recomendación de Transformaciones;Diagnóstico de Materiales, Recomendación de Transformaciones;Diagnóstico de Materiales, Recomendación de Transformaciones;;Recomendación de Transformaciones;;;Recomendación de Transformaciones;;Recomendación de Transformaciones;;;;;;;;;Diagnóstico de Materiales, Recomendación de Transformaciones;Diagnóstico de Materiales, Recomendación de Transformaciones;;Recomendación de Transformaciones;Recomendación de Transformaciones;;Diagnóstico de Materiales, Recomendación de Transformaciones;;Diagnóstico de Materiales, Recomendación de Transformaciones;Diagnóstico de Materiales, Recomendación de Transformaciones;;Recomendación de las pautas a seguir. ;Sí;Incorporación de personas con discapacidad cognitiva en los procesos de decisión del desarrollo de la aplicación, siguiendo un método de diseńo y desarrollo inclusivo., Incorporación de personas con discapacidad cognitiva en las pruebas a realizar sobre la aplicación., Revisión de los conjuntos de datos a utilizar en la aplicación por un equipo de personas con discapacidad cognitiva., Revisión de las propuestas sugeridas por la aplicación por un equipo de personas con discapacidad cognitiva.;;Mujer;31-45;Terapeuta ocupacional ;Espańola;Menos de 1 ańo
9/30/2020 11:54:22;Yo accedo a participar en esta encuesta;5;5;Recomendación de Transformaciones;Recomendación de Transformaciones;Recomendación de Transformaciones;Diagnóstico de Materiales, Recomendación de Transformaciones;Diagnóstico de Materiales, Recomendación de Transformaciones;Recomendación de Transformaciones;Diagnóstico de Materiales, Recomendación de Transformaciones;Diagnóstico de Materiales, Recomendación de Transformaciones;;Recomendación de Transformaciones;;;Recomendación de Transformaciones;;Recomendación de Transformaciones;;;;;;;;;Diagnóstico de Materiales, Recomendación de Transformaciones;Diagnóstico de Materiales, Recomendación de Transformaciones;;Recomendación de Transformaciones;Recomendación de Transformaciones;;Diagnóstico de Materiales, Recomendación de Transformaciones;;Diagnóstico de Materiales, Recomendación de Transformaciones;Diagnóstico de Materiales, Recomendación de Transformaciones;;Recomendación de las pautas a seguir. ;Sí;Incorporación de personas con discapacidad cognitiva en los procesos de decisión del desarrollo de la aplicación, siguiendo un método de diseńo y desarrollo inclusivo., Incorporación de personas con discapacidad cognitiva en las pruebas a realizar sobre la aplicación., Revisión de los conjuntos de datos a utilizar en la aplicación por un equipo de personas con discapacidad cognitiva., Revisión de las propuestas sugeridas por la aplicación por un equipo de personas con discapacidad cognitiva.;;Mujer;31-45;Terapeuta ocupacional ;Espańola;Menos de 1 ańo
10/01/2020 6:22;Yo accedo a participar en esta encuesta;5;5;Diagnóstico de Materiales;Diagnóstico de Materiales;Diagnóstico de Materiales;Diagnóstico de Materiales;Diagnóstico de Materiales;Diagnóstico de Materiales;Diagnóstico de Materiales;Recomendación de Transformaciones;Recomendación de Transformaciones;Recomendación de Transformaciones;;Diagnóstico de Materiales;Diagnóstico de Materiales;Diagnóstico de Materiales;Diagnóstico de Materiales;Recomendación de Transformaciones;Recomendación de Transformaciones;Recomendación de Transformaciones;Recomendación de Transformaciones;Recomendación de Transformaciones;Recomendación de Transformaciones;Recomendación de Transformaciones;Recomendación de Transformaciones;Recomendación de Transformaciones;Recomendación de Transformaciones;Recomendación de Transformaciones;Recomendación de Transformaciones;Recomendación de Transformaciones;Diagnóstico de Materiales;Diagnóstico de Materiales;Recomendación de Transformaciones;Recomendación de Transformaciones;Diagnóstico de Materiales;;Facil comprensión y ejecución;Sí;Incorporación de personas con discapacidad cognitiva en los procesos de decisión del desarrollo de la aplicación, siguiendo un método de diseńo y desarrollo inclusivo., Incorporación de personas con discapacidad cognitiva en las pruebas a realizar sobre la aplicación., Revisión de los conjuntos de datos a utilizar en la aplicación por un equipo de personas con discapacidad cognitiva., Revisión de las propuestas sugeridas por la aplicación por un equipo de personas con discapacidad cognitiva.;;Mujer;Más de 60;PEDAGOGA;Espańola;Entre 2 y 3 ańos
10/06/2020 9:01;Yo accedo a participar en esta encuesta;5;5;Diagnóstico de Materiales, Recomendación de Transformaciones;Diagnóstico de Materiales, Recomendación de Transformaciones;Diagnóstico de Materiales;Diagnóstico de Materiales;Diagnóstico de Materiales, Recomendación de Transformaciones;Diagnóstico de Materiales, Recomendación de Transformaciones;Diagnóstico de Materiales, Recomendación de Transformaciones;Diagnóstico de Materiales, Recomendación de Transformaciones;Diagnóstico de Materiales, Recomendación de Transformaciones;Diagnóstico de Materiales, Recomendación de Transformaciones;;Diagnóstico de Materiales, Recomendación de Transformaciones;Diagnóstico de Materiales, Recomendación de Transformaciones;Diagnóstico de Materiales, Recomendación de Transformaciones;Diagnóstico de Materiales, Recomendación de Transformaciones;Diagnóstico de Materiales, Recomendación de Transformaciones;Diagnóstico de Materiales, Recomendación de Transformaciones;Diagnóstico de Materiales, Recomendación de Transformaciones;Diagnóstico de Materiales, Recomendación de Transformaciones;Diagnóstico de Materiales, Recomendación de Transformaciones;Diagnóstico de Materiales, Recomendación de Transformaciones;Diagnóstico de Materiales, Recomendación de Transformaciones;Diagnóstico de Materiales, Recomendación de Transformaciones;Diagnóstico de Materiales, Recomendación de Transformaciones;Diagnóstico de Materiales, Recomendación de Transformaciones;Diagnóstico de Materiales, Recomendación de Transformaciones;Diagnóstico de Materiales, Recomendación de Transformaciones;Diagnóstico de Materiales, Recomendación de Transformaciones;Diagnóstico de Materiales, Recomendación de Transformaciones;Diagnóstico de Materiales, Recomendación de Transformaciones;Diagnóstico de Materiales, Recomendación de Transformaciones;Diagnóstico de Materiales, Recomendación de Transformaciones;Diagnóstico de Materiales, Recomendación de Transformaciones;;facilitar el trabajo de adaptación y sobre todo validación;Sí;Incorporación de personas con discapacidad cognitiva en los procesos de decisión del desarrollo de la aplicación, siguiendo un método de diseńo y desarrollo inclusivo., Incorporación de personas con discapacidad cognitiva en las pruebas a realizar sobre la aplicación., Revisión de los conjuntos de datos a utilizar en la aplicación por un equipo de personas con discapacidad cognitiva., Revisión de las propuestas sugeridas por la aplicación por un equipo de personas con discapacidad cognitiva., las personas con discapacidad deben estar presentes en todos los procesos que se hagan;;Hombre;31-45;monitor ocupacional diseńo grafico;Espańola;Entre 2 y 3 ańos
02/04/2021 8:24;Yo accedo a participar en esta encuesta;5;5;;;Diagnóstico de Materiales, Recomendación de Transformaciones;Diagnóstico de Materiales, Recomendación de Transformaciones;;;;;;;Eliminar cursivas y negritas;Diagnóstico de Materiales, Recomendación de Transformaciones;;;;;;Diagnóstico de Materiales, Recomendación de Transformaciones;Diagnóstico de Materiales, Recomendación de Transformaciones;;;;;Diagnóstico de Materiales, Recomendación de Transformaciones;;;;;;;;;;Se evitan las siglas;Una adaptación automática;Sí;Revisión de los conjuntos de datos a utilizar en la aplicación por un equipo de personas con discapacidad cognitiva.;;Mujer;31-45;Periodista;Espańola;Menos de 1 ańo
08/02/2022 12:21;Yo accedo a participar en esta encuesta;2;3;Diagnóstico de Materiales;Diagnóstico de Materiales;Diagnóstico de Materiales;Diagnóstico de Materiales;Diagnóstico de Materiales;Diagnóstico de Materiales;Recomendación de Transformaciones;Diagnóstico de Materiales;Diagnóstico de Materiales;Recomendación de Transformaciones;;Diagnóstico de Materiales;Diagnóstico de Materiales;Diagnóstico de Materiales;Diagnóstico de Materiales;Recomendación de Transformaciones;Recomendación de Transformaciones;Recomendación de Transformaciones;Recomendación de Transformaciones;Recomendación de Transformaciones;Recomendación de Transformaciones;Diagnóstico de Materiales;Diagnóstico de Materiales;Diagnóstico de Materiales;Diagnóstico de Materiales;Diagnóstico de Materiales;Diagnóstico de Materiales;Recomendación de Transformaciones;Diagnóstico de Materiales;Diagnóstico de Materiales;Recomendación de Transformaciones;Diagnóstico de Materiales;Recomendación de Transformaciones;Lo que llamamos pautas son en realidad recomendaciones y, como tales, deben ser flexibles y tener en cuenta el tipo de texto y el público destinatario.;Una función útil puede ser la frecuencia de uso de las palabras o proporcionar el nivel de legibilidad de un texto;Tal vez;Incorporación de personas con discapacidad cognitiva en los procesos de decisión del desarrollo de la aplicación, siguiendo un método de diseńo y desarrollo inclusivo., Incorporación de personas con discapacidad cognitiva en las pruebas a realizar sobre la aplicación., Revisión de las propuestas sugeridas por la aplicación por un equipo de personas con discapacidad cognitiva.;Sería interesante que la aplicación no quedara restringida a las pautas de lectura fácil, sino que ayudara a la claridad sintáctica y la lecturabilidad.;Mujer;46-60;Correctora, editora y adaptadora;Espańola;Entre 2 y 3 ańos
